3625d0663ba6eb51338cbd5f9dc45f859ec18846	jasmine-ring	/Users/abdelrahman/Projects/parlor/remediation-runs/2026-09-07-local-readiness/evidence/focused-story-followup-04/identity/identity-inputs-pdpfjajq/3625d0663ba6eb51338cbd5f9dc45f859ec18846-jasmine-ring.json	d1397ac1e0dc3669d3e5ff5e147aabf88647bc6726621cb7239392eb4e4cd9ca	1.0.0	5cd26321aecef56a82afb56ec61f8ebad77329de39f413cb59b26de766d0d714
3625d0663ba6eb51338cbd5f9dc45f859ec18846	khan-el-khalili	/Users/abdelrahman/Projects/parlor/remediation-runs/2026-09-07-local-readiness/evidence/focused-story-followup-04/identity/identity-inputs-pdpfjajq/3625d0663ba6eb51338cbd5f9dc45f859ec18846-khan-el-khalili.json	b1b1d73cedc751f321c51f1e1523b74e57d515d408a7760add328c73c8dcc5e4	1.0.0	0e690e0129c9b76fb772952b4e888e59e81610597b9294c52e8f656144393b9c
3625d0663ba6eb51338cbd5f9dc45f859ec18846	last-dinner	/Users/abdelrahman/Projects/parlor/remediation-runs/2026-09-07-local-readiness/evidence/focused-story-followup-04/identity/identity-inputs-pdpfjajq/3625d0663ba6eb51338cbd5f9dc45f859ec18846-last-dinner.json	c36b20ed19f94b7eea5809f7c2f1ef38be1f97ac6e2598a8a5de0233ee9e89af	1.0.0	a8593bdab776bb5dc1723b6fb562f37009aa2e02ddd11fc7e848284916452f26
3625d0663ba6eb51338cbd5f9dc45f859ec18846	layla-halabi	/Users/abdelrahman/Projects/parlor/remediation-runs/2026-09-07-local-readiness/evidence/focused-story-followup-04/identity/identity-inputs-pdpfjajq/3625d0663ba6eb51338cbd5f9dc45f859ec18846-layla-halabi.json	954752e02c72ab8b4ac8fe7b03598857252c539ba07d1f781683be3b42c07d1d	1.0.0	b98ca82b8cc2334e4f241f6bcefad96c7846f15096f3a043c4126911404345a5
85ded00435b4f8327ce32d3b7f5062c4438ae174	iskenderia-corniche	/Users/abdelrahman/Projects/parlor/remediation-runs/2026-09-07-local-readiness/evidence/focused-story-followup-04/identity/identity-inputs-pdpfjajq/85ded00435b4f8327ce32d3b7f5062c4438ae174-iskenderia-corniche.json	3d9c96255b2097cc8b9417030cc8cff70e95571c66e64b031c4f247779eafaa2	1.0.0	b492eddff0ccfdc3142a60ff2ee6da22566cbb39ab8717c2219e8875ac66733d
85ded00435b4f8327ce32d3b7f5062c4438ae174	jasmine-ring	/Users/abdelrahman/Projects/parlor/remediation-runs/2026-09-07-local-readiness/evidence/focused-story-followup-04/identity/identity-inputs-pdpfjajq/85ded00435b4f8327ce32d3b7f5062c4438ae174-jasmine-ring.json	a33966e792ce1727991150659e03e79b5ae418cef457252a8b4f71009832af7b	1.0.1	d0aab1123c08f7fb919f00f7ecc8eeb9e1ed2d5daf03df169ea90489c63199c7
85ded00435b4f8327ce32d3b7f5062c4438ae174	khan-el-khalili	/Users/abdelrahman/Projects/parlor/remediation-runs/2026-09-07-local-readiness/evidence/focused-story-followup-04/identity/identity-inputs-pdpfjajq/85ded00435b4f8327ce32d3b7f5062c4438ae174-khan-el-khalili.json	12167f59be005d880c3a4861e58cb9ec2f5ff94dbbda8ddfc02a2846e5df6fef	1.0.1	c9979500738d7b15812b286300714db1943824aa44c29656dc6bebea72e979a0
85ded00435b4f8327ce32d3b7f5062c4438ae174	last-dinner	/Users/abdelrahman/Projects/parlor/remediation-runs/2026-09-07-local-readiness/evidence/focused-story-followup-04/identity/identity-inputs-pdpfjajq/85ded00435b4f8327ce32d3b7f5062c4438ae174-last-dinner.json	f4c5ff253a82220f937328de09161d09110b05a98eb6bb012934a80f60a5b96d	1.0.1	f3b71cc74aaee28dcf7845b750ca773229047388a391ba9294be89efab173a05
85ded00435b4f8327ce32d3b7f5062c4438ae174	layla-halabi	/Users/abdelrahman/Projects/parlor/remediation-runs/2026-09-07-local-readiness/evidence/focused-story-followup-04/identity/identity-inputs-pdpfjajq/85ded00435b4f8327ce32d3b7f5062c4438ae174-layla-halabi.json	a0db6acb459d69bf75a4c15a809b64d1b7cd5c21714dceaedc5973ba2d951826	1.0.1	953d5b1dae0aa26b9901e0e044f279b94fd64d4a6d8a66371a9c6577672a3cfc
85ded00435b4f8327ce32d3b7f5062c4438ae174	saidi-inheritance	/Users/abdelrahman/Projects/parlor/remediation-runs/2026-09-07-local-readiness/evidence/focused-story-followup-04/identity/identity-inputs-pdpfjajq/85ded00435b4f8327ce32d3b7f5062c4438ae174-saidi-inheritance.json	eef41fcf78cd6c066d40ef1d0abaab0dbef7d06f9227f6b1012684b4b0c2ed56	1.0.0	5d333bfb59ebf49586f5ca15a26ba55206b6d8aa9de505ca8c3e4738ffebf8b6
85ded00435b4f8327ce32d3b7f5062c4438ae174	zamalek-ramadan	/Users/abdelrahman/Projects/parlor/remediation-runs/2026-09-07-local-readiness/evidence/focused-story-followup-04/identity/identity-inputs-pdpfjajq/85ded00435b4f8327ce32d3b7f5062c4438ae174-zamalek-ramadan.json	6b28832bcf860fae8e30c0207bf8a30060ae075d111d0e6a5c9f18a54162f1b7	1.0.0	b3fa57ea89c675bc3c5185a64adcbf0a99b4d640d6dff6fa206b58ed2c070d91
current	iskenderia-corniche	/Users/abdelrahman/Projects/parlor/remediation-runs/2026-09-07-local-readiness/evidence/focused-story-followup-04/identity/identity-inputs-pdpfjajq/current-iskenderia-corniche.json	f8339b64a1b268e571d388186162517dc611b5e1c3f54b9dfcf448ced508719f	1.0.1	-
current	jasmine-ring	/Users/abdelrahman/Projects/parlor/remediation-runs/2026-09-07-local-readiness/evidence/focused-story-followup-04/identity/identity-inputs-pdpfjajq/current-jasmine-ring.json	ec3fda631a22dc34a1ecb756d13d81b0e2fc25ada67c0eeba72e002b9adc4559	1.0.2	-
current	khan-el-khalili	/Users/abdelrahman/Projects/parlor/remediation-runs/2026-09-07-local-readiness/evidence/focused-story-followup-04/identity/identity-inputs-pdpfjajq/current-khan-el-khalili.json	c940dd9fe230f996999ec359e688550c974f93e733e7d8ee64d93894c9271f6b	1.0.2	-
current	last-dinner	/Users/abdelrahman/Projects/parlor/remediation-runs/2026-09-07-local-readiness/evidence/focused-story-followup-04/identity/identity-inputs-pdpfjajq/current-last-dinner.json	28f5695ad9188fcba9177147fa898cb827f1a8472aa554bb495310a7fa01d9eb	1.0.2	-
current	layla-halabi	/Users/abdelrahman/Projects/parlor/remediation-runs/2026-09-07-local-readiness/evidence/focused-story-followup-04/identity/identity-inputs-pdpfjajq/current-layla-halabi.json	83cf702d60d6dfb285c158c2032eaf9bbf4c57a84bd0e619bd42ae565bf1544e	1.0.2	-
current	saidi-inheritance	/Users/abdelrahman/Projects/parlor/remediation-runs/2026-09-07-local-readiness/evidence/focused-story-followup-04/identity/identity-inputs-pdpfjajq/current-saidi-inheritance.json	89c547e21d1eece8b4ae75ce7a36279d62747250cc1d53b6fcbc439f4b27d6da	1.0.1	-
current	zamalek-ramadan	/Users/abdelrahman/Projects/parlor/remediation-runs/2026-09-07-local-readiness/evidence/focused-story-followup-04/identity/identity-inputs-pdpfjajq/current-zamalek-ramadan.json	098a19c4bef18e643e2fcbdc06bd9c498adc57c8594d45a5602bf61291d75158	1.0.1	-
